,6,3,0
0,,,Expired
1,,,Expired
2,,,Expired
3,,,Expired
4,,,Expired
5,,,Expired
6,,,Expired
7,,,Expired
8,,,Expired
9,,,Expired
10,,,Expired
11,,,Expired
12,,,Expired
13,,,Expired
14,,,Expired
15,,,Expired
16,,,Expired
17,,,Expired
18,,,Expired
19,,,Expired
20,,,Expired
21,,,Expired
22,,,Expired
23,,,Expired
24,,,Expired
25,,,Expired
26,,,Expired
27,,,Expired
28,,,Expired
29,,,Expired
30,,,Expired
31,,,Expired
32,,,Expired
33,,,Expired
34,,,Expired
35,,,Expired
36,,,Expired
37,,,Expired
38,,,Expired
39,,,Expired
40,,,Expired
41,,,Expired
42,,,Expired
43,,,Expired
44,,,Expired
45,,,Expired
46,,,Expired
47,,,Expired
48,,,Expired
49,,,Expired
50,,,Expired
51,,,Expired
52,,,Expired
53,,,Expired
54,,,Expired
55,,,Expired
56,,,Expired
57,,,Expired
58,,,Expired
59,,,Expired
60,,,Expired
61,,,Expired
62,,,Expired
63,,,Expired
64,,,Expired
65,,,Expired
66,,,Expired
67,,,Expired
68,,,Expired
69,,,Expired
70,,,Expired
71,,,Expired
72,,,Expired
73,,,Expired
74,,,Expired
75,,,Expired
76,,,Expired
77,,,Expired
78,,,Expired
79,,,Expired
80,,,Expired
81,,,Expired
82,,,Expired
83,,,Expired
84,,,Expired
85,,,Expired
86,,,Expired
87,,,Expired
88,,,Expired
89,,,Expired
90,,,Expired
91,,,Expired
92,,,Expired
93,,,Expired
94,,,Expired
95,,,Expired
96,,,Expired
97,,,Expired
98,,,Expired
99,,,Expired
100,,,Expired
101,,,Expired
102,,,Expired
103,,,Expired
104,,,Expired
105,,,Expired
106,,,Expired
107,,,Expired
108,,,Expired
109,,,Expired
110,,,Expired
111,,,Expired
112,,,Expired
113,,,Expired
114,,,Expired
115,,,Expired
116,,,Expired
117,,,Expired
118,,,Expired
119,,,Expired
120,,,Expired
121,,,Expired
122,,,Expired
123,,,Expired
124,,,Expired
125,,,Expired
126,,,Expired
127,,,Expired
128,,,Expired
129,,,Expired
130,,,Expired
131,,,Expired
132,,,Expired
133,,,Expired
134,,,Expired
135,,,Expired
136,,,Expired
137,,,Expired
138,,,Expired
139,,,Expired
140,,,Expired
141,,,Expired
142,,,Expired
143,,,Expired
144,,,Expired
145,,,Expired
146,,,Expired
147,,,Expired
148,,,Expired
149,,,Expired
150,,,Expired
151,,,Expired
152,,,Expired
153,,,Expired
154,,,Expired
155,,,Expired
156,,,Expired
157,,,Expired
158,,,Expired
159,,,Expired
160,,,Expired
161,,,Expired
162,,,Expired
163,,,Expired
164,,,Expired
165,,,Expired
166,,,Expired
167,,,Expired
168,,,Expired
169,,,Expired
170,,,Expired
171,,,Expired
172,,,Expired
173,,,Expired
174,,,Expired
175,,,Expired
176,1888pressrelease.com,2023-05-29,45
177,24-7pressrelease.com,2023-06-12,58
178,artikel-presse.de,2023-06-12,59
179,,,Expired
180,,,Expired
181,briefingwire.com,2023-06-08,55
182,businessportal24.com,2023-07-15,92
183,,,Expired
184,,,Expired
185,,,Expired
186,enewswire.co.uk,2023-06-11,57
187,ereleases.com,2023-07-11,88
188,,,Expired
189,express-press-release.net,2023-05-25,41
190,firmenpresse.de,2023-06-02,48
191,forpressrelease.com,2023-07-03,79
192,,,Expired
193,free-press-release-center.info,2023-05-30,45
194,freeprnews.co.uk,2023-06-17,63
195,freeprnow.com,2023-06-08,55
196,helpareporter.com,2024-03-03,324
197,,,Expired
198,,,Expired
199,,,Expired
200,,,Expired
201,releasewire.com,2023-12-28,258
202,,,Expired
203,,,Expired
204,,,Expired
205,newswirejet.com,2023-10-09,178
206,,,Expired
207,,,Expired
208,presswire.com,2023-10-07,176
209,prmac.com,2023-07-05,82
210,,,Expired
211,accesswire.com,2023-06-13,60
212,,,Expired
213,,,Expired
214,,,Expired
215,einpresswire.com,2023-11-04,204
216,,,Expired
217,linkingnews.com,2023-06-26,73
218,prdistribution.com,2023-05-19,35
219,prezly.com,2023-06-22,69
220,realwire.com,2024-05-14,396
221,send2press.com,2023-08-17,125
222,,,Expired
223,,,Expired
224,,,Expired
225,,,Expired
226,hungarynewswire.com,2023-06-12,58
227,,,Expired
228,issuewire.com,2023-05-14,30
229,live-pr.com,2023-06-26,72
230,marketpressrelease.com,2023-06-14,61
231,newswire.com,2023-07-08,84
232,,,Expired
233,onlineprnews.com,2023-10-21,190
234,openpr.com,2023-06-25,71
235,pitchengine.com,2023-05-20,35
236,powerhomebiz.net,2023-06-01,47
237,pr-inside.com,2023-06-26,72
238,pr.com,2023-07-31,108
239,pr4links.com,2023-06-20,66
240,,,Expired
241,prbd.net,2023-05-29,44
242,prbuzz.com,2023-06-12,58
243,pressabout.com,2023-06-08,55
244,pressat.co.uk,2023-07-31,108
245,,,Expired
246,pressrelease.com,2023-07-08,84
247,,,Expired
248,pressreleasepoint.com,2023-07-04,81
249,pressreleasepost.com,2023-06-05,52
250,prfire.co.uk,2023-06-07,54
251,prfree.org,2023-07-04,81
252,prhwy.com,2023-05-21,36
253,prleap.com,2024-03-30,351
254,prlog.org,2023-06-30,77
255,prnewsdistribution.co.uk,2023-07-11,87
256,,,Expired
257,,,Expired
258,prunderground.com,2023-07-19,95
259,prurgent.com,2023-06-24,70
260,prweb.com,2024-03-03,324
261,,,Expired
262,realtimepressrelease.com,2023-06-09,56
263,release-news.com,2023-06-19,65
264,sardnews.org,2023-06-20,66
265,,,Expired
266,theopenpress.com,2023-07-08,85
267,,,Expired
268,travpr.com,2023-08-12,120
269,w.globenewswire.com,2023-05-30,45
270,webnewswire.com,2023-07-02,79
271,webwire.com,2023-11-02,202
272,,,Expired
273,xpresspress.com,2023-06-01,48
274,,,Expired
275,,,Expired
276,,,Expired
277,,,Expired
278,,,Expired
279,,,Expired
280,,,Expired
281,,,Expired
282,,,Expired
283,,,Expired
284,,,Expired
285,,,Expired
286,,,Expired
287,,,Expired
288,,,Expired
289,,,Expired
290,,,Expired
291,,,Expired
292,,,Expired
293,,,Expired
294,,,Expired
295,,,Expired
296,,,Expired
297,,,Expired
298,,,Expired
299,,,Expired
300,,,Expired
301,,,Expired
302,,,Expired
303,,,Expired
304,,,Expired
305,,,Expired
306,,,Expired
307,,,Expired
308,,,Expired
309,,,Expired
310,,,Expired
311,,,Expired
312,,,Expired
313,,,Expired
314,,,Expired
315,,,Expired
316,,,Expired
317,,,Expired
318,,,Expired
319,,,Expired
320,,,Expired
321,,,Expired
322,,,Expired
323,,,Expired
324,,,Expired
325,,,Expired
326,,,Expired
327,,,Expired
328,,,Expired
329,,,Expired
330,,,Expired
331,,,Expired
332,,,Expired
333,,,Expired
334,,,Expired
335,,,Expired
336,,,Expired
337,,,Expired
338,,,Expired
339,,,Expired
340,,,Expired
341,,,Expired
342,,,Expired
343,,,Expired
344,,,Expired
345,,,Expired
346,,,Expired
347,,,Expired
348,,,Expired
349,,,Expired
350,,,Expired
351,,,Expired
352,,,Expired
353,,,Expired
354,,,Expired
355,,,Expired
356,,,Expired
357,,,Expired
358,,,Expired
359,,,Expired
360,,,Expired
361,,,Expired
362,write-with-us.pragprog.com,2023-05-25,41
363,,,Expired
364,,,Expired
365,,,Expired
366,,,Expired
367,,,Expired
368,,,Expired
369,,,Expired
370,,,Expired
371,,,Expired
372,,,Expired
373,,,Expired
374,,,Expired
375,,,Expired
376,,,Expired
377,,,Expired
378,,,Expired
379,,,Expired
380,,,Expired
381,,,Expired
382,,,Expired
383,,,Expired
384,,,Expired
385,,,Expired
386,,,Expired
387,,,Expired
388,,,Expired
389,,,Expired
390,,,Expired
391,,,Expired
392,,,Expired
393,,,Expired
394,,,Expired
395,,,Expired
396,,,Expired
397,,,Expired
398,,,Expired
399,,,Expired
400,,,Expired
401,,,Expired
402,,,Expired
403,,,Expired
404,,,Expired
405,,,Expired
406,,,Expired
407,,,Expired
408,,,Expired
409,,,Expired
410,,,Expired
411,,,Expired
412,,,Expired
413,,,Expired
414,,,Expired
415,,,Expired
416,,,Expired
417,,,Expired
418,,,Expired
419,,,Expired
420,,,Expired
421,,,Expired
422,,,Expired
423,,,Expired
424,,,Expired
425,,,Expired
426,,,Expired
427,,,Expired
428,,,Expired
429,,,Expired
430,,,Expired
431,,,Expired
432,,,Expired
433,,,Expired
434,,,Expired
435,,,Expired
436,,,Expired
437,,,Expired
438,,,Expired
439,,,Expired
440,,,Expired
441,,,Expired
442,,,Expired
443,,,Expired
444,,,Expired
445,,,Expired
446,,,Expired
447,,,Expired
448,,,Expired
449,,,Expired
450,,,Expired
451,,,Expired
452,,,Expired
453,,,Expired
454,,,Expired
455,,,Expired
456,,,Expired
457,,,Expired
458,,,Expired
459,,,Expired
460,,,Expired
461,,,Expired
462,,,Expired
463,,,Expired
464,,,Expired
465,,,Expired
466,,,Expired
467,,,Expired
468,,,Expired
469,,,Expired
470,,,Expired
471,,,Expired
472,,,Expired
473,,,Expired
474,,,Expired
475,,,Expired
476,,,Expired
477,,,Expired
478,,,Expired
479,,,Expired
480,,,Expired
481,,,Expired
482,,,Expired
483,,,Expired
484,,,Expired
485,,,Expired
486,,,Expired
487,,,Expired
488,,,Expired
489,,,Expired
490,,,Expired
491,,,Expired
492,,,Expired
493,,,Expired
494,booking.com,2023-09-21,160
495,biz.yelp.com,2023-12-12,242
496,,,Expired
497,yelp.com,2023-12-12,242
498,,,Expired
